,Nombre,ANO,Casos,DEPARTAMENTO,Población,Proporción
0,AMAZONAS,1985,1,AMAZONAS,38004,2.6313019682138723
1,AMAZONAS,1989,1,AMAZONAS,44297,2.257489220488972
2,AMAZONAS,1993,1,AMAZONAS,51398,1.9456009961477099
3,AMAZONAS,1995,1,AMAZONAS,54199,1.8450524917433901
4,AMAZONAS,2002,1,AMAZONAS,64701,1.5455711658243305
5,AMAZONAS,2003,1,AMAZONAS,65825,1.519179642992784
6,AMAZONAS,2004,2,AMAZONAS,66827,2.9928023104433836
7,AMAZONAS,2007,1,AMAZONAS,69474,1.4393873967239543
8,AMAZONAS,2009,2,AMAZONAS,71167,2.8102912866918657
9,AMAZONAS,2010,1,AMAZONAS,72017,1.3885610342002581
10,AMAZONAS,2011,1,AMAZONAS,72858,1.3725328721622883
11,AMAZONAS,2013,1,AMAZONAS,74541,1.3415435800431976
12,AMAZONAS,2014,1,AMAZONAS,75388,1.3264710564015494
13,AMAZONAS,2015,1,AMAZONAS,76243,1.31159581863253
14,AMAZONAS,2016,1,AMAZONAS,77088,1.2972187629721876
15,AMAZONAS,2019,3,AMAZONAS,79739,3.7622744202962166
16,ANTIOQUIA,1985,138,ANTIOQUIA,4118871,3.3504326792463273
17,ANTIOQUIA,1986,166,ANTIOQUIA,4193917,3.9581136202743163
18,ANTIOQUIA,1987,159,ANTIOQUIA,4269519,3.724072899078327
19,ANTIOQUIA,1988,143,ANTIOQUIA,4345636,3.2906575700311764
20,ANTIOQUIA,1989,168,ANTIOQUIA,4422308,3.798921287255433
21,ANTIOQUIA,1990,162,ANTIOQUIA,4499434,3.600452856959342
22,ANTIOQUIA,1991,178,ANTIOQUIA,4577269,3.888781716783523
23,ANTIOQUIA,1992,189,ANTIOQUIA,4655495,4.059718676531712
24,ANTIOQUIA,1993,202,ANTIOQUIA,4734055,4.2669550733990205
25,ANTIOQUIA,1994,207,ANTIOQUIA,4813026,4.300828626315337
26,ANTIOQUIA,1995,238,ANTIOQUIA,4892238,4.864849175367184
27,ANTIOQUIA,1996,240,ANTIOQUIA,4971893,4.827135258140109
28,ANTIOQUIA,1997,242,ANTIOQUIA,5051568,4.790591752897319
29,ANTIOQUIA,1998,194,ANTIOQUIA,5131232,3.780768439236425
30,ANTIOQUIA,1999,200,ANTIOQUIA,5210735,3.8382301153292198
31,ANTIOQUIA,2000,207,ANTIOQUIA,5289912,3.9131085734507494
32,ANTIOQUIA,2001,223,ANTIOQUIA,5368957,4.153506910187584
33,ANTIOQUIA,2002,227,ANTIOQUIA,5447841,4.166788274474237
34,ANTIOQUIA,2003,235,ANTIOQUIA,5526457,4.252272296699314
35,ANTIOQUIA,2004,252,ANTIOQUIA,5604712,4.49621675475921
36,ANTIOQUIA,2005,254,ANTIOQUIA,5682310,4.47001307566817
37,ANTIOQUIA,2006,295,ANTIOQUIA,5757973,5.123330727671005
38,ANTIOQUIA,2007,258,ANTIOQUIA,5834865,4.421696131787111
39,ANTIOQUIA,2008,414,ANTIOQUIA,5911399,7.003418310961585
40,ANTIOQUIA,2009,388,ANTIOQUIA,5988552,6.479028653337234
41,ANTIOQUIA,2010,435,ANTIOQUIA,6066003,7.171114158697251
42,ANTIOQUIA,2011,411,ANTIOQUIA,6143809,6.689661088096977
43,ANTIOQUIA,2012,475,ANTIOQUIA,6221817,7.634425763406413
44,ANTIOQUIA,2013,491,ANTIOQUIA,6299990,7.793663164544705
45,ANTIOQUIA,2014,533,ANTIOQUIA,6378132,8.356678726624034
46,ANTIOQUIA,2015,572,ANTIOQUIA,6456299,8.859564899333193
47,ANTIOQUIA,2016,574,ANTIOQUIA,6534857,8.783665809366601
48,ANTIOQUIA,2017,602,ANTIOQUIA,6613118,9.10311898260397
49,ANTIOQUIA,2018,575,ANTIOQUIA,6691030,8.593594708139104
50,ANTIOQUIA,2019,643,ANTIOQUIA,6768388,9.500046392139458
51,ARAUCA,1985,1,ARAUCA,102845,0.9723370120083621
52,ARAUCA,1986,3,ARAUCA,109433,2.741403415788656
53,ARAUCA,1988,4,ARAUCA,123166,3.247649513664485
54,ARAUCA,1989,1,ARAUCA,130314,0.7673772580075817
55,ARAUCA,1991,3,ARAUCA,145284,2.064921120013216
56,ARAUCA,1992,2,ARAUCA,153085,1.3064637293007153
57,ARAUCA,1993,2,ARAUCA,161019,1.2420894428607805
58,ARAUCA,1994,1,ARAUCA,169038,0.5915829576781552
59,ARAUCA,1995,1,ARAUCA,17707,5.647484045857571
60,ARAUCA,1996,6,ARAUCA,18639,32.190568163528084
61,ARAUCA,1997,6,ARAUCA,195159,3.0744162452154398
62,ARAUCA,1998,3,ARAUCA,203132,1.4768721816355868
63,ARAUCA,1999,3,ARAUCA,210113,1.4278031345038145
64,ARAUCA,2000,6,ARAUCA,215979,2.7780478657647274
65,ARAUCA,2001,3,ARAUCA,220976,1.3576134964883064
66,ARAUCA,2002,2,ARAUCA,224831,0.8895570450694078
67,ARAUCA,2003,6,ARAUCA,227738,2.6346064337089112
68,ARAUCA,2004,3,ARAUCA,230019,1.3042400845147575
69,ARAUCA,2005,1,ARAUCA,232129,0.43079494591369455
70,ARAUCA,2006,4,ARAUCA,235252,1.700304354479452
71,ARAUCA,2007,6,ARAUCA,238361,2.5171903121735517
72,ARAUCA,2008,4,ARAUCA,241446,1.6566851387059631
73,ARAUCA,2009,7,ARAUCA,244507,2.862903720547878
74,ARAUCA,2010,6,ARAUCA,247541,2.4238408990833844
75,ARAUCA,2011,13,ARAUCA,250569,5.188191675746002
76,ARAUCA,2012,6,ARAUCA,253565,2.366257172717055
77,ARAUCA,2013,6,ARAUCA,256527,2.3389350828567754
78,ARAUCA,2014,9,ARAUCA,259447,3.468916580264948
79,ARAUCA,2015,10,ARAUCA,262315,3.812210510264377
80,ARAUCA,2016,15,ARAUCA,26519,56.56321882423922
81,ARAUCA,2017,6,ARAUCA,267992,2.238872802173199
82,ARAUCA,2018,7,ARAUCA,270708,2.5858120188542637
83,ARAUCA,2019,8,ARAUCA,273321,2.92696133849942
84,ARCHIPIELAGO DE SAN ANDRES PROVIDENCIA Y SANTA CATALINA,1985,2,"ARCHIPIÉLAGO DE SAN ANDRÉS, PROVIDENCIA Y SANTA CATALINA",41745,4.790992933285423
85,ARCHIPIELAGO DE SAN ANDRES PROVIDENCIA Y SANTA CATALINA,1988,2,"ARCHIPIÉLAGO DE SAN ANDRÉS, PROVIDENCIA Y SANTA CATALINA",47859,4.178942309701415
86,ARCHIPIELAGO DE SAN ANDRES PROVIDENCIA Y SANTA CATALINA,1989,1,"ARCHIPIÉLAGO DE SAN ANDRÉS, PROVIDENCIA Y SANTA CATALINA",50209,1.991674799338764
87,ARCHIPIELAGO DE SAN ANDRES PROVIDENCIA Y SANTA CATALINA,1991,2,"ARCHIPIÉLAGO DE SAN ANDRÉS, PROVIDENCIA Y SANTA CATALINA",55364,3.612455747417094
88,ARCHIPIELAGO DE SAN ANDRES PROVIDENCIA Y SANTA CATALINA,1993,1,"ARCHIPIÉLAGO DE SAN ANDRÉS, PROVIDENCIA Y SANTA CATALINA",60338,1.6573303722364017
89,ARCHIPIELAGO DE SAN ANDRES PROVIDENCIA Y SANTA CATALINA,1996,3,"ARCHIPIÉLAGO DE SAN ANDRÉS, PROVIDENCIA Y SANTA CATALINA",65024,4.613681102362205
90,ARCHIPIELAGO DE SAN ANDRES PROVIDENCIA Y SANTA CATALINA,1998,1,"ARCHIPIÉLAGO DE SAN ANDRÉS, PROVIDENCIA Y SANTA CATALINA",66501,1.5037367859129938
91,ARCHIPIELAGO DE SAN ANDRES PROVIDENCIA Y SANTA CATALINA,2000,1,"ARCHIPIÉLAGO DE SAN ANDRÉS, PROVIDENCIA Y SANTA CATALINA",67672,1.477716042085353
92,ARCHIPIELAGO DE SAN ANDRES PROVIDENCIA Y SANTA CATALINA,2001,1,"ARCHIPIÉLAGO DE SAN ANDRÉS, PROVIDENCIA Y SANTA CATALINA",68177,1.466770318435836
93,ARCHIPIELAGO DE SAN ANDRES PROVIDENCIA Y SANTA CATALINA,2002,3,"ARCHIPIÉLAGO DE SAN ANDRÉS, PROVIDENCIA Y SANTA CATALINA",68717,4.365731914955542
94,ARCHIPIELAGO DE SAN ANDRES PROVIDENCIA Y SANTA CATALINA,2004,2,"ARCHIPIÉLAGO DE SAN ANDRÉS, PROVIDENCIA Y SANTA CATALINA",6992,28.60411899313501
95,ARCHIPIELAGO DE SAN ANDRES PROVIDENCIA Y SANTA CATALINA,2007,4,"ARCHIPIÉLAGO DE SAN ANDRÉS, PROVIDENCIA Y SANTA CATALINA",71613,5.585578037507156
96,ARCHIPIELAGO DE SAN ANDRES PROVIDENCIA Y SANTA CATALINA,2009,4,"ARCHIPIÉLAGO DE SAN ANDRÉS, PROVIDENCIA Y SANTA CATALINA",72735,5.499415687083247
97,ARCHIPIELAGO DE SAN ANDRES PROVIDENCIA Y SANTA CATALINA,2010,1,"ARCHIPIÉLAGO DE SAN ANDRÉS, PROVIDENCIA Y SANTA CATALINA",7332,13.638843426077468
98,ARCHIPIELAGO DE SAN ANDRES PROVIDENCIA Y SANTA CATALINA,2011,1,"ARCHIPIÉLAGO DE SAN ANDRÉS, PROVIDENCIA Y SANTA CATALINA",73925,1.3527223537368955
99,ARCHIPIELAGO DE SAN ANDRES PROVIDENCIA Y SANTA CATALINA,2013,1,"ARCHIPIÉLAGO DE SAN ANDRÉS, PROVIDENCIA Y SANTA CATALINA",75167,1.3303710404831908
100,ARCHIPIELAGO DE SAN ANDRES PROVIDENCIA Y SANTA CATALINA,2014,3,"ARCHIPIÉLAGO DE SAN ANDRÉS, PROVIDENCIA Y SANTA CATALINA",75801,3.957731428345273
101,ARCHIPIELAGO DE SAN ANDRES PROVIDENCIA Y SANTA CATALINA,2015,4,"ARCHIPIÉLAGO DE SAN ANDRÉS, PROVIDENCIA Y SANTA CATALINA",76442,5.2327254650584765
102,ARCHIPIELAGO DE SAN ANDRES PROVIDENCIA Y SANTA CATALINA,2016,2,"ARCHIPIÉLAGO DE SAN ANDRÉS, PROVIDENCIA Y SANTA CATALINA",77101,2.5940000778200023
103,ARCHIPIELAGO DE SAN ANDRES PROVIDENCIA Y SANTA CATALINA,2017,9,"ARCHIPIÉLAGO DE SAN ANDRÉS, PROVIDENCIA Y SANTA CATALINA",77759,11.574222919533431
104,ARCHIPIELAGO DE SAN ANDRES PROVIDENCIA Y SANTA CATALINA,2019,3,"ARCHIPIÉLAGO DE SAN ANDRÉS, PROVIDENCIA Y SANTA CATALINA",7906,37.94586390083481
105,ATLANTICO,1985,31,ATLÁNTICO,1516055,2.044780697270218
106,ATLANTICO,1986,34,ATLÁNTICO,1550758,2.19247619551213
107,ATLANTICO,1987,26,ATLÁNTICO,1586111,1.6392295368987415
108,ATLANTICO,1988,32,ATLÁNTICO,1621874,1.973026264679007
109,ATLANTICO,1989,48,ATLÁNTICO,1657967,2.8951119051223575
110,ATLANTICO,1990,38,ATLÁNTICO,1694124,2.243047144128765
111,ATLANTICO,1991,45,ATLÁNTICO,1730433,2.600505191475197
112,ATLANTICO,1992,40,ATLÁNTICO,1766273,2.2646555770257484
113,ATLANTICO,1993,47,ATLÁNTICO,1801384,2.6091049992672297
114,ATLANTICO,1994,62,ATLÁNTICO,1835291,3.3782108668325623
115,ATLANTICO,1995,62,ATLÁNTICO,1867925,3.3191910810123533
116,ATLANTICO,1996,60,ATLÁNTICO,1898892,3.159737362630418
117,ATLANTICO,1997,68,ATLÁNTICO,1929016,3.5251133220253226
118,ATLANTICO,1998,58,ATLÁNTICO,1958597,2.9613034228072443
119,ATLANTICO,1999,66,ATLÁNTICO,1988031,3.319867748541144
120,ATLANTICO,2000,60,ATLÁNTICO,2017388,2.97414280247528
121,ATLANTICO,2001,54,ATLÁNTICO,2046777,2.6382942548211163
122,ATLANTICO,2002,65,ATLÁNTICO,2076366,3.130469291059476
123,ATLANTICO,2003,79,ATLÁNTICO,2106173,3.7508789638837836
124,ATLANTICO,2004,76,ATLÁNTICO,2136070,3.5579358354361044
125,ATLANTICO,2005,67,ATLÁNTICO,2166020,3.0932309027617477
126,ATLANTICO,2006,89,ATLÁNTICO,2195776,4.053236760033811
127,ATLANTICO,2007,85,ATLÁNTICO,2225481,3.819399042274457
128,ATLANTICO,2008,122,ATLÁNTICO,2255143,5.409856492470766
129,ATLANTICO,2009,135,ATLÁNTICO,2284841,5.908507419115816
130,ATLANTICO,2010,115,ATLÁNTICO,2314460,4.968761611779854
131,ATLANTICO,2011,100,ATLÁNTICO,2344077,4.2660714643759565
132,ATLANTICO,2012,143,ATLÁNTICO,2373550,6.024730888331824
133,ATLANTICO,2013,122,ATLÁNTICO,2402910,5.0771772559105415
134,ATLANTICO,2014,161,ATLÁNTICO,2432003,6.620057623284182
135,ATLANTICO,2015,180,ATLÁNTICO,2460863,7.314507146476664
136,ATLANTICO,2016,191,ATLÁNTICO,2489514,7.672180192599841
137,ATLANTICO,2017,231,ATLÁNTICO,2517897,9.174322857527532
138,ATLANTICO,2018,203,ATLÁNTICO,2545924,7.973529453353674
139,ATLANTICO,2019,217,ATLÁNTICO,2573591,8.431798215023289
140,SANTAFE DE BOGOTA D.C.,1985,193,"BOGOTÁ, D.C.",4225649,4.567345749729805
141,SANTAFE DE BOGOTA D.C.,1986,159,"BOGOTÁ, D.C.",4360948,3.6459962375153294
142,SANTAFE DE BOGOTA D.C.,1987,230,"BOGOTÁ, D.C.",4502390,5.108397984181735
143,SANTAFE DE BOGOTA D.C.,1988,179,"BOGOTÁ, D.C.",4648463,3.8507351784880295
144,SANTAFE DE BOGOTA D.C.,1989,239,"BOGOTÁ, D.C.",4797534,4.981726028413764
145,SANTAFE DE BOGOTA D.C.,1990,253,"BOGOTÁ, D.C.",4947890,5.11329071584049
146,SANTAFE DE BOGOTA D.C.,1991,258,"BOGOTÁ, D.C.",5105935,5.05294329050409
147,SANTAFE DE BOGOTA D.C.,1992,279,"BOGOTÁ, D.C.",5261692,5.302476845851106
148,SANTAFE DE BOGOTA D.C.,1993,261,"BOGOTÁ, D.C.",5413484,4.8212943826932895
149,SANTAFE DE BOGOTA D.C.,1994,257,"BOGOTÁ, D.C.",5559851,4.6224260326400834
150,SANTAFE DE BOGOTA D.C.,1995,298,"BOGOTÁ, D.C.",5699655,5.228386630418859
151,SANTAFE DE BOGOTA D.C.,1996,332,"BOGOTÁ, D.C.",5828528,5.6961208730574855
152,SANTAFE DE BOGOTA D.C.,1997,340,"BOGOTÁ, D.C.",5952563,5.711825309534733
153,SANTAFE DE BOGOTA D.C.,1998,226,"BOGOTÁ, D.C.",6072489,3.7217029129241728
154,SANTAFE DE BOGOTA D.C.,1999,248,"BOGOTÁ, D.C.",6189030,4.007089964016978
155,SANTAFE DE BOGOTA D.C.,2000,281,"BOGOTÁ, D.C.",6302881,4.458278682399366
156,SANTAFE DE BOGOTA D.C.,2001,265,"BOGOTÁ, D.C.",6412400,4.132618052523236
157,SANTAFE DE BOGOTA D.C.,2002,294,"BOGOTÁ, D.C.",6520473,4.508875353061043
158,SANTAFE DE BOGOTA D.C.,2003,336,"BOGOTÁ, D.C.",6627568,5.069732969921999
159,SANTAFE DE BOGOTA D.C.,2004,360,"BOGOTÁ, D.C.",6734041,5.3459727970174225
160,SANTAFE DE BOGOTA D.C.,2005,363,"BOGOTÁ, D.C.",6840116,5.30692754333406
161,SANTAFE DE BOGOTA D.C.,2006,432,"BOGOTÁ, D.C.",6945216,6.220108921018439
162,SANTAFE DE BOGOTA D.C.,2007,446,"BOGOTÁ, D.C.",7050228,6.326036548037879
163,SANTAFE DE BOGOTA D.C.,2008,613,"BOGOTÁ, D.C.",7155052,8.567373095261921
164,SANTAFE DE BOGOTA D.C.,2009,629,"BOGOTÁ, D.C.",7259597,8.664392803071575
165,SANTAFE DE BOGOTA D.C.,2010,654,"BOGOTÁ, D.C.",7363782,8.88130582898842
166,SANTAFE DE BOGOTA D.C.,2011,691,"BOGOTÁ, D.C.",7467804,9.253054847181312
167,SANTAFE DE BOGOTA D.C.,2012,668,"BOGOTÁ, D.C.",7571345,8.822738892495323
168,SANTAFE DE BOGOTA D.C.,2013,768,"BOGOTÁ, D.C.",7674366,10.007341323048704
169,SANTAFE DE BOGOTA D.C.,2014,764,"BOGOTÁ, D.C.",7776845,9.824035325379379
170,SANTAFE DE BOGOTA D.C.,2015,819,"BOGOTÁ, D.C.",7878783,10.395006436907833
171,SANTAFE DE BOGOTA D.C.,2016,891,"BOGOTÁ, D.C.",7980001,11.165412134660134
172,SANTAFE DE BOGOTA D.C.,2017,861,"BOGOTÁ, D.C.",8080734,10.65497267946204
173,SANTAFE DE BOGOTA D.C.,2018,854,"BOGOTÁ, D.C.",8181047,10.438761689060092
174,SANTAFE DE BOGOTA D.C.,2019,1074,"BOGOTÁ, D.C.",8281030,12.969401149373931
175,BOLIVAR,1985,21,BOLÍVAR,1305302,1.6088230922805602
176,BOLIVAR,1986,15,BOLÍVAR,1337290,1.1216714400017946
177,BOLIVAR,1987,20,BOLÍVAR,1372254,1.457456126926939
178,BOLIVAR,1988,21,BOLÍVAR,1409379,1.4900179440732408
179,BOLIVAR,1989,14,BOLÍVAR,1447832,0.9669630178086961
180,BOLIVAR,1990,27,BOLÍVAR,1486750,1.8160417016983352
181,BOLIVAR,1991,22,BOLÍVAR,1529558,1.4383240125578762
182,BOLIVAR,1992,25,BOLÍVAR,1570959,1.591384625569477
183,BOLIVAR,1993,42,BOLÍVAR,1610019,2.6086648666879086
184,BOLIVAR,1994,39,BOLÍVAR,1645902,2.3695213931327626
185,BOLIVAR,1995,35,BOLÍVAR,1678170,2.08560515323239
186,BOLIVAR,1996,31,BOLÍVAR,1705277,1.817886478267167
187,BOLIVAR,1997,42,BOLÍVAR,1729769,2.428069875226114
188,BOLIVAR,1998,24,BOLÍVAR,1752072,1.3698067202717696
189,BOLIVAR,1999,38,BOLÍVAR,1772692,2.1436323963779382
190,BOLIVAR,2000,46,BOLÍVAR,1792634,2.5660564286965437
191,BOLIVAR,2001,44,BOLÍVAR,1810899,2.4297324146735955
192,BOLIVAR,2002,53,BOLÍVAR,1828057,2.8992531414501848
193,BOLIVAR,2003,37,BOLÍVAR,1844798,2.005639641846966
194,BOLIVAR,2004,30,BOLÍVAR,1861840,1.6113092424698148
195,BOLIVAR,2005,38,BOLÍVAR,1879480,2.0218358269308534
196,BOLIVAR,2006,44,BOLÍVAR,1898031,2.3181918525039897
197,BOLIVAR,2007,50,BOLÍVAR,1917345,2.6077727273912625
198,BOLIVAR,2008,53,BOLÍVAR,1937500,2.735483870967742
199,BOLIVAR,2009,66,BOLÍVAR,1958431,3.370044693941222
200,BOLIVAR,2010,69,BOLÍVAR,1980012,3.4848273646826384
201,BOLIVAR,2011,69,BOLÍVAR,2002531,3.4456395431581335
202,BOLIVAR,2012,70,BOLÍVAR,2025573,3.455812256581224
203,BOLIVAR,2013,65,BOLÍVAR,2049109,3.1721104148193193
204,BOLIVAR,2014,68,BOLÍVAR,2073004,3.2802638103930333
205,BOLIVAR,2015,73,BOLÍVAR,2097161,3.4808963164964446
206,BOLIVAR,2016,83,BOLÍVAR,2121956,3.911485440791421
207,BOLIVAR,2017,96,BOLÍVAR,2146696,4.4719885815224885
208,BOLIVAR,2018,90,BOLÍVAR,2171280,4.145020448767547
209,BOLIVAR,2019,111,BOLÍVAR,2195495,5.055807460276611
210,BOYACA,1985,21,BOYACÁ,1137784,1.8456930313662345
211,BOYACA,1986,16,BOYACÁ,1146755,1.3952413549537608
212,BOYACA,1987,21,BOYACÁ,1155003,1.8181770956439074
213,BOYACA,1988,16,BOYACÁ,1162572,1.3762588467638994
214,BOYACA,1989,19,BOYACÁ,1169609,1.6244745038726618
215,BOYACA,1990,12,BOYACÁ,1176235,1.020204295910256
216,BOYACA,1991,21,BOYACÁ,1182172,1.7763912527111114
217,BOYACA,1992,22,BOYACÁ,1187977,1.8518877048966436
218,BOYACA,1993,17,BOYACÁ,1193706,1.4241362613574866
219,BOYACA,1994,28,BOYACÁ,1199400,2.334500583625146
220,BOYACA,1995,32,BOYACÁ,1205134,2.6553063808671897
221,BOYACA,1996,29,BOYACÁ,1211536,2.393655656951176
222,BOYACA,1997,50,BOYACÁ,1217755,4.105916214673724
223,BOYACA,1998,27,BOYACÁ,1223691,2.2064393707234915
224,BOYACA,1999,19,BOYACÁ,1229300,1.5455950540958268
225,BOYACA,2000,22,BOYACÁ,1234550,1.7820258393746709
226,BOYACA,2001,26,BOYACÁ,1239693,2.097293442812051
227,BOYACA,2002,39,BOYACÁ,1244292,3.1343125247128487
228,BOYACA,2003,48,BOYACÁ,1248391,3.8449492186342256
229,BOYACA,2004,40,BOYACÁ,1252027,3.1948192810538427
230,BOYACA,2005,45,BOYACÁ,1255314,3.5847604663056414
231,BOYACA,2006,33,BOYACÁ,1258195,2.6228048911337276
232,BOYACA,2007,49,BOYACÁ,1260821,3.8863565882865214
233,BOYACA,2008,57,BOYACÁ,1263252,4.512163843793637
234,BOYACA,2009,65,BOYACÁ,1265513,5.136256996174674
235,BOYACA,2010,62,BOYACÁ,1267652,4.890932211679546
236,BOYACA,2011,72,BOYACÁ,1269405,5.671948668864547
237,BOYACA,2012,79,BOYACÁ,1271133,6.214927942237359
238,BOYACA,2013,72,BOYACÁ,1272855,5.6565751794194945
239,BOYACA,2014,80,BOYACÁ,1274615,6.276405032107734
240,BOYACA,2015,83,BOYACÁ,1276407,6.502628080228328
241,BOYACA,2016,110,BOYACÁ,1278107,8.606478174362554
242,BOYACA,2017,98,BOYACÁ,1279955,7.656519174502228
243,BOYACA,2018,82,BOYACÁ,1282063,6.395941541094314
244,BOYACA,2019,100,BOYACÁ,1284375,7.78588807785888
245,CALDAS,1985,27,CALDAS,867403,3.112739983606236
246,CALDAS,1986,27,CALDAS,878054,3.074981720941992
247,CALDAS,1987,33,CALDAS,88846,37.14292145960426
248,CALDAS,1988,41,CALDAS,89844,45.63465562530609
249,CALDAS,1989,42,CALDAS,907854,4.626294536346152
250,CALDAS,1990,38,CALDAS,916563,4.145923411702197
251,CALDAS,1991,27,CALDAS,925237,2.9181712361265277
252,CALDAS,1992,40,CALDAS,932923,4.287599298119995
253,CALDAS,1993,46,CALDAS,939459,4.896435075932
254,CALDAS,1994,50,CALDAS,944765,5.292321370922927
255,CALDAS,1995,52,CALDAS,949026,5.4793019369332345
256,CALDAS,1996,56,CALDAS,951802,5.883576626231086
257,CALDAS,1997,50,CALDAS,954043,5.2408539237749245
258,CALDAS,1998,35,CALDAS,955943,3.661306165744192
259,CALDAS,1999,48,CALDAS,95767,50.12164941994633
260,CALDAS,2000,41,CALDAS,959483,4.273134594359671
261,CALDAS,2001,51,CALDAS,961277,5.305442655967011
262,CALDAS,2002,49,CALDAS,962996,5.088286971077761
263,CALDAS,2003,57,CALDAS,964745,5.908297011127292
264,CALDAS,2004,79,CALDAS,966596,8.173011268409965
265,CALDAS,2005,42,CALDAS,968586,4.336217950703396
266,CALDAS,2006,41,CALDAS,970651,4.223969274229358
267,CALDAS,2007,58,CALDAS,972591,5.963452263078724
268,CALDAS,2008,81,CALDAS,974493,8.312014555261042
269,CALDAS,2009,89,CALDAS,976423,9.1149020455274
270,CALDAS,2010,80,CALDAS,978342,8.177099623648989
271,CALDAS,2011,92,CALDAS,980267,9.385198114391283
272,CALDAS,2012,93,CALDAS,982207,9.46847253175756
273,CALDAS,2013,91,CALDAS,984115,9.246886796766638
274,CALDAS,2014,101,CALDAS,986042,10.242971394727608
275,CALDAS,2015,89,CALDAS,987991,9.008179224304675
276,CALDAS,2016,106,CALDAS,989934,10.707784559374666
277,CALDAS,2017,123,CALDAS,99186,124.00943681567962
278,CALDAS,2018,96,CALDAS,993866,9.659249838509417
279,CALDAS,2019,110,CALDAS,995822,11.046150818118097
280,CAQUETA,1985,1,CAQUETÁ,287047,0.3483750047901563
281,CAQUETA,1986,1,CAQUETÁ,294119,0.33999843600719437
282,CAQUETA,1987,4,CAQUETÁ,302326,1.323075091126797
283,CAQUETA,1988,1,CAQUETÁ,311368,0.321163382235811
284,CAQUETA,1989,3,CAQUETÁ,320935,0.9347687226385405
285,CAQUETA,1990,5,CAQUETÁ,330681,1.512031232517139
286,CAQUETA,1992,5,CAQUETÁ,35278,14.173139066840523
287,CAQUETA,1993,3,CAQUETÁ,362636,0.8272758358243528
288,CAQUETA,1994,5,CAQUETÁ,371283,1.346681641766523
289,CAQUETA,1995,7,CAQUETÁ,378565,1.8490880033811896
290,CAQUETA,1996,6,CAQUETÁ,38327,15.654760351710282
291,CAQUETA,1997,9,CAQUETÁ,387386,2.3232641344808536
292,CAQUETA,1998,5,CAQUETÁ,391148,1.2782885250595684
293,CAQUETA,2000,7,CAQUETÁ,398736,1.7555475301954173
294,CAQUETA,2001,5,CAQUETÁ,402694,1.2416375709595873
295,CAQUETA,2002,4,CAQUETÁ,406734,0.9834437248914525
296,CAQUETA,2003,8,CAQUETÁ,410991,1.9465146438729801
297,CAQUETA,2004,10,CAQUETÁ,415586,2.40624082620685
298,CAQUETA,2005,4,CAQUETÁ,420518,0.9512077960990968
299,CAQUETA,2006,7,CAQUETÁ,425748,1.644165092965792
300,CAQUETA,2007,6,CAQUETÁ,43102,13.920467727715652
301,CAQUETA,2008,5,CAQUETÁ,436485,1.1455147370470922
302,CAQUETA,2009,6,CAQUETÁ,442071,1.3572480438662566
303,CAQUETA,2010,9,CAQUETÁ,447767,2.009973937337946
304,CAQUETA,2011,12,CAQUETÁ,453588,2.645572634196672
305,CAQUETA,2012,7,CAQUETÁ,459515,1.5233452662045852
306,CAQUETA,2013,15,CAQUETÁ,465487,3.222431560924365
307,CAQUETA,2014,9,CAQUETÁ,471541,1.9086357283884114
308,CAQUETA,2015,14,CAQUETÁ,477642,2.931065526063453
309,CAQUETA,2016,15,CAQUETÁ,483846,3.1001599682543617
310,CAQUETA,2017,13,CAQUETÁ,490056,2.65275805214098
311,CAQUETA,2018,13,CAQUETÁ,496241,2.6196948660026074
312,CAQUETA,2019,11,CAQUETÁ,50241,21.894468661053722
313,CASANARE,1985,1,CASANARE,170554,0.586324565826659
314,CASANARE,1986,1,CASANARE,174744,0.5722657144165179
315,CASANARE,1988,1,CASANARE,184662,0.541529930359251
316,CASANARE,1989,1,CASANARE,190352,0.525342523325208
317,CASANARE,1990,1,CASANARE,196421,0.5091105329878169
318,CASANARE,1992,1,CASANARE,209888,0.47644457996645834
319,CASANARE,1993,1,CASANARE,216865,0.4611163627141309
320,CASANARE,1994,1,CASANARE,223871,0.4466858145985858
321,CASANARE,1997,2,CASANARE,244321,0.8185952087622431
322,CASANARE,1999,4,CASANARE,257496,1.5534221890825488
323,CASANARE,2000,5,CASANARE,263956,1.894255103123248
324,CASANARE,2001,1,CASANARE,270318,0.3699346695373597
325,CASANARE,2002,3,CASANARE,276648,1.084410514444348
326,CASANARE,2003,7,CASANARE,282913,2.474258871101717
327,CASANARE,2004,3,CASANARE,289117,1.0376422002165213
328,CASANARE,2005,4,CASANARE,295276,1.3546647881981604
329,CASANARE,2006,5,CASANARE,301371,1.659084649817003
330,CASANARE,2007,3,CASANARE,307441,0.9757969821851998
331,CASANARE,2008,5,CASANARE,313431,1.595247438830237
332,CASANARE,2009,4,CASANARE,319515,1.2518974070074957
333,CASANARE,2010,6,CASANARE,325621,1.842632999714392
334,CASANARE,2011,10,CASANARE,331734,3.01446339537099
335,CASANARE,2012,8,CASANARE,337886,2.3676624660388415
336,CASANARE,2013,4,CASANARE,34404,11.626555051738169
337,CASANARE,2014,11,CASANARE,350239,3.140712484903166
338,CASANARE,2015,10,CASANARE,356479,2.805214332401067
339,CASANARE,2016,9,CASANARE,362721,2.481245916282763
340,CASANARE,2017,7,CASANARE,368989,1.8970755225765537
341,CASANARE,2018,14,CASANARE,375249,3.7308560449195065
342,CASANARE,2019,17,CASANARE,381554,4.4554637089376605
343,CAUCA,1985,7,CAUCA,953449,0.7341766575873486
344,CAUCA,1986,11,CAUCA,972489,1.131118192596523
345,CAUCA,1987,9,CAUCA,992008,0.9072507479778388
346,CAUCA,1988,13,CAUCA,1011792,1.2848490598858264
347,CAUCA,1989,12,CAUCA,1031644,1.163191953813525
348,CAUCA,1990,12,CAUCA,1051355,1.141384213705171
349,CAUCA,1991,15,CAUCA,1071687,1.3996624014287753
350,CAUCA,1992,14,CAUCA,1091442,1.2827067310951934
351,CAUCA,1993,13,CAUCA,1110442,1.170704998550127
352,CAUCA,1994,10,CAUCA,1128489,0.8861406712870041
353,CAUCA,1995,16,CAUCA,1145497,1.396773627517139
354,CAUCA,1996,25,CAUCA,1161380,2.152611548330434
355,CAUCA,1997,14,CAUCA,1176304,1.1901685278635454
356,CAUCA,1998,20,CAUCA,1190302,1.680245853573295
357,CAUCA,1999,9,CAUCA,1203451,0.7478493100259171
358,CAUCA,2000,14,CAUCA,1215944,1.1513688130374424
359,CAUCA,2001,28,CAUCA,1227525,2.2810126066678884
360,CAUCA,2002,18,CAUCA,1238420,1.4534648988226935
361,CAUCA,2003,18,CAUCA,1248825,1.4413548735811663
362,CAUCA,2004,30,CAUCA,1258885,2.38306120098341
363,CAUCA,2005,21,CAUCA,1268830,1.655068054822159
364,CAUCA,2006,28,CAUCA,1278185,2.190606211150968
365,CAUCA,2007,18,CAUCA,1287746,1.397791179316418
366,CAUCA,2008,34,CAUCA,1297703,2.620013978545168
367,CAUCA,2009,33,CAUCA,1308183,2.5225828496471823
368,CAUCA,2010,37,CAUCA,1319120,2.8049002365213176
369,CAUCA,2011,43,CAUCA,1330756,3.23124599851513
370,CAUCA,2012,26,CAUCA,1342650,1.9364689233977583
371,CAUCA,2013,48,CAUCA,1354733,3.543133591637614
372,CAUCA,2014,38,CAUCA,1366984,2.7798423390471285
373,CAUCA,2015,45,CAUCA,1379169,3.2628343589509337
374,CAUCA,2016,49,CAUCA,1391836,3.520529717581669
375,CAUCA,2017,50,CAUCA,1404205,3.56073365356198
376,CAUCA,2018,50,CAUCA,1415933,3.531240531861324
377,CAUCA,2019,64,CAUCA,1426938,4.485128295693296
378,CESAR,1985,4,CESAR,633427,0.6314855539785957
379,CESAR,1986,5,CESAR,648834,0.7706131306312554
380,CESAR,1987,6,CESAR,664554,0.9028611670383445
381,CESAR,1988,7,CESAR,680426,1.0287672722676675
382,CESAR,1989,4,CESAR,696282,0.5744798802783929
383,CESAR,1990,6,CESAR,711979,0.8427214847628933
384,CESAR,1991,4,CESAR,728006,0.5494460210492771
385,CESAR,1992,4,CESAR,743563,0.5379503821465027
386,CESAR,1993,10,CESAR,758526,1.3183463717789503
387,CESAR,1994,5,CESAR,772772,0.6470213724099735
388,CESAR,1995,7,CESAR,786305,0.8902397924469512
389,CESAR,1996,6,CESAR,796431,0.7533609314554557
390,CESAR,1997,6,CESAR,806134,0.7442931324072672
391,CESAR,1998,10,CESAR,825371,1.211576369899112
392,CESAR,1999,10,CESAR,834957,1.1976664666563668
393,CESAR,2000,10,CESAR,844564,1.1840428907696752
394,CESAR,2001,25,CESAR,855971,2.920659695246685
395,CESAR,2002,15,CESAR,86751,17.29086696406958
396,CESAR,2003,13,CESAR,879257,1.4785210694939024
397,CESAR,2004,13,CESAR,891245,1.4586337090250154
398,CESAR,2005,14,CESAR,903423,1.54966167564917
399,CESAR,2006,16,CESAR,9159,174.69156021399718
400,CESAR,2007,14,CESAR,928571,1.507693003550617
401,CESAR,2008,20,CESAR,941258,2.1248159378193865
402,CESAR,2009,26,CESAR,953866,2.7257497384328615
403,CESAR,2010,27,CESAR,96645,27.937296290547884
404,CESAR,2011,32,CESAR,979054,3.2684611880447862
405,CESAR,2012,24,CESAR,991584,2.4203698325104077
406,CESAR,2013,29,CESAR,1004058,2.8882793623475935
407,CESAR,2014,32,CESAR,1016533,3.147954862262219
408,CESAR,2015,41,CESAR,1028890,3.984876906180447
409,CESAR,2016,52,CESAR,1041204,4.994218231969912
410,CESAR,2017,44,CESAR,1053475,4.176653456418045
411,CESAR,2018,34,CESAR,1065673,3.190472124188189
412,CESAR,2019,59,CESAR,1077770,5.474266309138313
413,CHOCO,1985,2,CHOCÓ,361173,0.5537512494012564
414,CHOCO,1986,1,CHOCÓ,367084,0.27241721240914885
415,CHOCO,1987,1,CHOCÓ,37299,2.681037025121317
416,CHOCO,1988,2,CHOCÓ,378846,0.527918996109237
417,CHOCO,1989,1,CHOCÓ,384594,0.2600144568037983
418,CHOCO,1990,2,CHOCÓ,390185,0.5125773671463536
419,CHOCO,1991,2,CHOCÓ,395773,0.5053401823772717
420,CHOCO,1992,2,CHOCÓ,40111,4.986163396574506
421,CHOCO,1993,3,CHOCÓ,406175,0.7385978949959993
422,CHOCO,1994,2,CHOCÓ,410933,0.4866973448226353
423,CHOCO,1995,1,CHOCÓ,414552,0.2412242613713117
424,CHOCO,1996,4,CHOCÓ,41755,9.579691054963478
425,CHOCO,1997,4,CHOCÓ,42121,9.496450701550295
426,CHOCO,1998,1,CHOCÓ,420631,0.23773806495479413
427,CHOCO,1999,1,CHOCÓ,436682,0.22899959238072556
428,CHOCO,2000,1,CHOCÓ,437343,0.22865348250686535
429,CHOCO,2001,2,CHOCÓ,437951,0.45667209345337717
430,CHOCO,2002,2,CHOCÓ,441828,0.45266483790072154
431,CHOCO,2003,2,CHOCÓ,445794,0.44863771158876076
432,CHOCO,2004,4,CHOCÓ,449877,0.8891319182798854
433,CHOCO,2005,3,CHOCÓ,454053,0.6607158195188667
434,CHOCO,2006,4,CHOCÓ,458317,0.872758374662079
435,CHOCO,2007,6,CHOCÓ,462683,1.2967841913361848
436,CHOCO,2008,3,CHOCÓ,467074,0.642296509760766
437,CHOCO,2009,3,CHOCÓ,471598,0.6361350132952218
438,CHOCO,2010,5,CHOCÓ,476149,1.0500914629664244
439,CHOCO,2011,5,CHOCÓ,48082,10.398901875961899
440,CHOCO,2012,6,CHOCÓ,485543,1.2357298941597346
441,CHOCO,2013,4,CHOCÓ,490317,0.8157987587621885
442,CHOCO,2014,2,CHOCÓ,495151,0.40391718889793216
443,CHOCO,2015,2,CHOCÓ,500093,0.39992561383582653
444,CHOCO,2016,8,CHOCÓ,505016,1.5841082262740191
445,CHOCO,2017,2,CHOCÓ,510047,0.3921207261291606
446,CHOCO,2018,8,CHOCÓ,515145,1.5529608168573898
447,CHOCO,2019,8,CHOCÓ,520296,1.537586297030921
448,CUNDINAMARCA,1985,46,CUNDINAMARCA,1563498,2.942120808597133
449,CUNDINAMARCA,1986,42,CUNDINAMARCA,1596364,2.6309788995492256
450,CUNDINAMARCA,1987,50,CUNDINAMARCA,1627586,3.072034288817918
451,CUNDINAMARCA,1988,31,CUNDINAMARCA,1657734,1.8700225729821551
452,CUNDINAMARCA,1989,40,CUNDINAMARCA,1687391,2.3705234886283026
453,CUNDINAMARCA,1990,44,CUNDINAMARCA,1717131,2.5624137005272165
454,CUNDINAMARCA,1991,48,CUNDINAMARCA,1745430,2.750038672418831
455,CUNDINAMARCA,1992,53,CUNDINAMARCA,1774777,2.986290672011188
456,CUNDINAMARCA,1993,62,CUNDINAMARCA,1805568,3.4338224868850133
457,CUNDINAMARCA,1994,42,CUNDINAMARCA,1838117,2.2849470409119768
458,CUNDINAMARCA,1995,45,CUNDINAMARCA,1872627,2.4030412890554285
459,CUNDINAMARCA,1996,60,CUNDINAMARCA,1912199,3.1377487384942673
460,CUNDINAMARCA,1997,70,CUNDINAMARCA,1952798,3.584600148095195
461,CUNDINAMARCA,1998,50,CUNDINAMARCA,1994007,2.507513764996813
462,CUNDINAMARCA,1999,43,CUNDINAMARCA,2035449,2.112556001157484
463,CUNDINAMARCA,2000,46,CUNDINAMARCA,2076798,2.214948203917762
464,CUNDINAMARCA,2001,39,CUNDINAMARCA,2118567,1.84086696337666
465,CUNDINAMARCA,2002,54,CUNDINAMARCA,2159796,2.5002361334125998
466,CUNDINAMARCA,2003,53,CUNDINAMARCA,2200405,2.408647498983142
467,CUNDINAMARCA,2004,52,CUNDINAMARCA,2240428,2.320985097490301
468,CUNDINAMARCA,2005,66,CUNDINAMARCA,2280158,2.8945362558208685
469,CUNDINAMARCA,2006,66,CUNDINAMARCA,2318959,2.8461046529930027
470,CUNDINAMARCA,2007,70,CUNDINAMARCA,2358115,2.968472699592683
471,CUNDINAMARCA,2008,80,CUNDINAMARCA,2397511,3.3367938666391934
472,CUNDINAMARCA,2009,90,CUNDINAMARCA,2437151,3.692836430734083
473,CUNDINAMARCA,2010,103,CUNDINAMARCA,2477036,4.158195520775637
474,CUNDINAMARCA,2011,103,CUNDINAMARCA,2517215,4.09182370198811
475,CUNDINAMARCA,2012,121,CUNDINAMARCA,2557623,4.730955265885551
476,CUNDINAMARCA,2013,98,CUNDINAMARCA,2598245,3.7717767185157673
477,CUNDINAMARCA,2014,96,CUNDINAMARCA,2639059,3.637660241775572
478,CUNDINAMARCA,2015,117,CUNDINAMARCA,2680041,4.365604854552598
479,CUNDINAMARCA,2016,115,CUNDINAMARCA,2721368,4.225815839680632
480,CUNDINAMARCA,2017,119,CUNDINAMARCA,2762784,4.307249499056025
481,CUNDINAMARCA,2018,126,CUNDINAMARCA,2804238,4.493199222034649
482,CUNDINAMARCA,2019,152,CUNDINAMARCA,2845668,5.341452340891489
483,CORDOBA,1985,9,CÓRDOBA,1056197,0.8521137628681013
484,CORDOBA,1986,12,CÓRDOBA,1076561,1.1146604790624963
485,CORDOBA,1987,7,CÓRDOBA,1096626,0.6383215426225531
486,CORDOBA,1988,9,CÓRDOBA,1116468,0.8061135652790764
487,CORDOBA,1989,12,CÓRDOBA,1136188,1.0561632405904655
488,CORDOBA,1990,11,CÓRDOBA,1155891,0.9516468248303689
489,CORDOBA,1991,11,CÓRDOBA,1175395,0.9358556059877743
490,CORDOBA,1992,7,CÓRDOBA,1195055,0.5857470995058804
491,CORDOBA,1993,13,CÓRDOBA,1214907,1.0700407520904893
492,CORDOBA,1994,7,CÓRDOBA,1234978,0.5668117164840183
493,CORDOBA,1995,18,CÓRDOBA,1255318,1.4338996174674465
494,CORDOBA,1996,13,CÓRDOBA,1276474,1.0184304576513115
495,CORDOBA,1997,16,CÓRDOBA,1297727,1.2329249526287116
496,CORDOBA,1998,16,CÓRDOBA,1319008,1.2130328246682356
497,CORDOBA,1999,13,CÓRDOBA,1340286,0.9699422362092868
498,CORDOBA,2000,14,CÓRDOBA,1361658,1.0281583187555172
499,CORDOBA,2001,14,CÓRDOBA,1383011,1.0122840671549251
500,CORDOBA,2002,25,CÓRDOBA,1404175,1.7804048640660888
501,CORDOBA,2003,21,CÓRDOBA,1425297,1.4733771277144343
502,CORDOBA,2004,29,CÓRDOBA,1446552,2.004767198137364
503,CORDOBA,2005,22,CÓRDOBA,1467906,1.4987335701332374
504,CORDOBA,2006,19,CÓRDOBA,1489745,1.2753860560028731
505,CORDOBA,2007,38,CÓRDOBA,1512031,2.5131759864711767
506,CORDOBA,2008,28,CÓRDOBA,1535414,1.8236123937908604
507,CORDOBA,2009,53,CÓRDOBA,1558833,3.3999793435217245
508,CORDOBA,2010,36,CÓRDOBA,1582784,2.274473333063766
509,CORDOBA,2011,34,CÓRDOBA,1607519,2.1150605373871163
510,CORDOBA,2012,55,CÓRDOBA,1632637,3.3687831404041435
511,CORDOBA,2013,56,CÓRDOBA,1658067,3.3774268470453848
512,CORDOBA,2014,55,CÓRDOBA,1683782,3.2664561089262145
513,CORDOBA,2015,56,CÓRDOBA,1709644,3.2755357255662583
514,CORDOBA,2016,60,CÓRDOBA,1736170,3.4558827764562228
515,CORDOBA,2017,69,CÓRDOBA,1762530,3.9148269816683974
516,CORDOBA,2018,74,CÓRDOBA,1788507,4.137529235278364
517,CORDOBA,2019,97,CÓRDOBA,1813854,5.347729199814317
518,GUAINIA,1997,1,GUAINÍA,28589,3.497848822973871
519,GUAINIA,2000,1,GUAINÍA,3164,31.60556257901391
520,GUAINIA,2009,1,GUAINÍA,37705,2.652168147460549
521,GUAINIA,2012,1,GUAINÍA,39574,2.52691160863193
522,GUAINIA,2014,2,GUAINÍA,40839,4.897279561203751
523,GUAINIA,2015,2,GUAINÍA,41482,4.821368304324768
524,GUAINIA,2019,1,GUAINÍA,44134,2.2658268001993926
525,GUAVIARE,1995,1,GUAVIARE,80906,1.2360022742441845
526,GUAVIARE,1997,1,GUAVIARE,84611,1.181879424661096
527,GUAVIARE,1998,1,GUAVIARE,862,116.0092807424594
528,GUAVIARE,2000,1,GUAVIARE,89038,1.1231159729553672
529,GUAVIARE,2004,1,GUAVIARE,94181,1.0617852857795096
530,GUAVIARE,2007,1,GUAVIARE,98688,1.0132944228274967
531,GUAVIARE,2008,1,GUAVIARE,100208,0.9979243174197668
532,GUAVIARE,2009,2,GUAVIARE,101759,1.965428119380104
533,GUAVIARE,2010,2,GUAVIARE,103307,1.935977232907741
534,GUAVIARE,2011,1,GUAVIARE,104846,0.9537798294641664
535,GUAVIARE,2012,2,GUAVIARE,106386,1.8799466095162898
536,GUAVIARE,2014,1,GUAVIARE,10949,9.133254178463787
537,GUAVIARE,2015,1,GUAVIARE,11106,9.004141905276429
538,GUAVIARE,2016,1,GUAVIARE,112621,0.8879338666856093
539,GUAVIARE,2017,1,GUAVIARE,114207,0.8756030716155753
540,GUAVIARE,2018,1,GUAVIARE,115829,0.8633416501912302
541,GUAVIARE,2019,2,GUAVIARE,117494,1.7022145811701022
542,HUILA,1985,14,HUILA,723046,1.936253018480152
543,HUILA,1986,10,HUILA,734789,1.3609349078442927
544,HUILA,1987,15,HUILA,747499,2.0066916477480237
545,HUILA,1988,15,HUILA,760675,1.971932822821836
546,HUILA,1989,16,HUILA,774361,2.0662197605509576
547,HUILA,1990,14,HUILA,788539,1.7754353304021744
548,HUILA,1991,22,HUILA,803164,2.739166596112376
549,HUILA,1992,12,HUILA,818037,1.466926312624001
550,HUILA,1993,27,HUILA,833106,3.240884113186077
551,HUILA,1994,21,HUILA,84821,24.75801982999493
552,HUILA,1995,13,HUILA,863349,1.5057641811133158
553,HUILA,1996,27,HUILA,878442,3.0736235289296276
554,HUILA,1997,25,HUILA,893504,2.7979729245756033
555,HUILA,1998,12,HUILA,908491,1.320871643197346
556,HUILA,1999,25,HUILA,923392,2.707409204324924
557,HUILA,2000,17,HUILA,938244,1.8118954131334706
558,HUILA,2001,21,HUILA,953031,2.2034960038026044
559,HUILA,2002,16,HUILA,967773,1.65328026303689
560,HUILA,2003,25,HUILA,982377,2.544847853726217
561,HUILA,2004,21,HUILA,996874,2.106585185289214
562,HUILA,2005,31,HUILA,1011405,3.065043182503547
563,HUILA,2006,25,HUILA,1025738,2.4372695561634647
564,HUILA,2007,29,HUILA,1040086,2.788230973207985
565,HUILA,2008,38,HUILA,1054423,3.6038667593555904
566,HUILA,2009,46,HUILA,1068844,4.303715041671189
567,HUILA,2010,45,HUILA,1083189,4.15439964770691
568,HUILA,2011,44,HUILA,1097584,4.008804793072786
569,HUILA,2012,57,HUILA,1111947,5.126143602168089
570,HUILA,2013,58,HUILA,1126316,5.149531747751075
571,HUILA,2014,52,HUILA,1140539,4.559247864386926
572,HUILA,2015,73,HUILA,1154777,6.321566847971513
573,HUILA,2016,80,HUILA,1168869,6.844222919762608
574,HUILA,2017,77,HUILA,1182944,6.509183866691915
575,HUILA,2018,58,HUILA,1197081,4.845119085508833
576,HUILA,2019,85,HUILA,1211163,7.018047942349626
577,LA GUAJIRA,1985,1,LA GUAJIRA,362666,0.2757358009849283
578,LA GUAJIRA,1987,2,LA GUAJIRA,383157,0.52197924088559
579,LA GUAJIRA,1988,6,LA GUAJIRA,391887,1.5310535945310766
580,LA GUAJIRA,1989,3,LA GUAJIRA,400182,0.7496589051981348
581,LA GUAJIRA,1990,7,LA GUAJIRA,4085,171.35862913096696
582,LA GUAJIRA,1991,6,LA GUAJIRA,415758,1.4431472154474478
583,LA GUAJIRA,1992,3,LA GUAJIRA,42377,7.079311890884207
584,LA GUAJIRA,1993,1,LA GUAJIRA,432844,0.23103011708606333
585,LA GUAJIRA,1994,5,LA GUAJIRA,44135,11.328877308258752
586,LA GUAJIRA,1995,3,LA GUAJIRA,451387,0.664618165786786
587,LA GUAJIRA,1996,5,LA GUAJIRA,474255,1.0542851419594945
588,LA GUAJIRA,1997,8,LA GUAJIRA,489649,1.6338234122810422
589,LA GUAJIRA,1998,2,LA GUAJIRA,506623,0.3947708651206123
590,LA GUAJIRA,1999,1,LA GUAJIRA,526992,0.1897562012326563
591,LA GUAJIRA,2000,1,LA GUAJIRA,548879,0.18218951717956053
592,LA GUAJIRA,2001,5,LA GUAJIRA,573624,0.8716511164107499
593,LA GUAJIRA,2002,4,LA GUAJIRA,599517,0.6672037656980536
594,LA GUAJIRA,2003,3,LA GUAJIRA,626358,0.47895931719559737
595,LA GUAJIRA,2004,7,LA GUAJIRA,653834,1.0706081360100577
596,LA GUAJIRA,2005,5,LA GUAJIRA,681534,0.733639114116097
597,LA GUAJIRA,2006,9,LA GUAJIRA,708768,1.2698090207232833
598,LA GUAJIRA,2007,4,LA GUAJIRA,73605,5.434413423001154
599,LA GUAJIRA,2008,7,LA GUAJIRA,763496,0.9168351897062983
600,LA GUAJIRA,2009,6,LA GUAJIRA,791083,0.7584539169720498
601,LA GUAJIRA,2010,7,LA GUAJIRA,81874,8.54972274470528
602,LA GUAJIRA,2011,7,LA GUAJIRA,846641,0.8267967178532577
603,LA GUAJIRA,2012,6,LA GUAJIRA,874532,0.686081241166704
604,LA GUAJIRA,2013,7,LA GUAJIRA,902367,0.7757375879215442
605,LA GUAJIRA,2014,4,LA GUAJIRA,930143,0.43004140223600024
606,LA GUAJIRA,2015,13,LA GUAJIRA,957797,1.3572813445855436
607,LA GUAJIRA,2016,5,LA GUAJIRA,985452,0.5073813843799596
608,LA GUAJIRA,2017,13,LA GUAJIRA,1012926,1.2834106341430667
609,LA GUAJIRA,2018,10,LA GUAJIRA,1040157,0.9613933281225814
610,LA GUAJIRA,2019,18,LA GUAJIRA,1067063,1.6868732211687596
611,MAGDALENA,1985,13,MAGDALENA,888479,1.4631747064365055
612,MAGDALENA,1986,9,MAGDALENA,908242,0.9909253260694837
613,MAGDALENA,1987,14,MAGDALENA,927766,1.5090011921109416
614,MAGDALENA,1988,8,MAGDALENA,946887,0.8448737811375592
615,MAGDALENA,1989,12,MAGDALENA,965385,1.243027393216178
616,MAGDALENA,1990,8,MAGDALENA,983096,0.8137557268059273
617,MAGDALENA,1991,10,MAGDALENA,1000682,0.9993184648070016
618,MAGDALENA,1992,1,MAGDALENA,1017120,0.09831681610822715
619,MAGDALENA,1993,13,MAGDALENA,1032225,1.25941534064763
620,MAGDALENA,1994,12,MAGDALENA,1045940,1.1472933437864505
621,MAGDALENA,1995,8,MAGDALENA,1058256,0.7559607505178331
622,MAGDALENA,1996,16,MAGDALENA,1068223,1.4978145948926394
623,MAGDALENA,1997,12,MAGDALENA,1077518,1.1136704908873911
624,MAGDALENA,1998,13,MAGDALENA,1078786,1.2050582784722828
625,MAGDALENA,1999,28,MAGDALENA,1079822,2.593019960697226
626,MAGDALENA,2000,19,MAGDALENA,1118977,1.6979794937697559
627,MAGDALENA,2001,18,MAGDALENA,1120576,1.6063167513850019
628,MAGDALENA,2002,17,MAGDALENA,1121975,1.5151852759642594
629,MAGDALENA,2003,25,MAGDALENA,1131036,2.2103628885375883
630,MAGDALENA,2004,16,MAGDALENA,1140396,1.4030214065991111
631,MAGDALENA,2005,31,MAGDALENA,1150064,2.6955021633578653
632,MAGDALENA,2006,28,MAGDALENA,1159895,2.414011613120153
633,MAGDALENA,2007,21,MAGDALENA,1169866,1.7950773849312656
634,MAGDALENA,2008,33,MAGDALENA,1180134,2.7962926243968904
635,MAGDALENA,2009,45,MAGDALENA,1190666,3.779397412876491
636,MAGDALENA,2010,48,MAGDALENA,1201501,3.9950029171844217
637,MAGDALENA,2011,30,MAGDALENA,1212559,2.4741064146157012
638,MAGDALENA,2012,46,MAGDALENA,1223875,3.758553773873966
639,MAGDALENA,2013,54,MAGDALENA,1235532,4.370586921261449
640,MAGDALENA,2014,64,MAGDALENA,1247514,5.130202947622231
641,MAGDALENA,2015,44,MAGDALENA,1259822,3.492556885020265
642,MAGDALENA,2016,56,MAGDALENA,1272442,4.400986449677077
643,MAGDALENA,2017,48,MAGDALENA,1285384,3.7342926316182554
644,MAGDALENA,2018,47,MAGDALENA,1298691,3.619028698897582
645,MAGDALENA,2019,54,MAGDALENA,1312428,4.1145114246267225
646,META,1985,11,META,510667,2.1540455913540524
647,META,1986,7,META,522349,1.340100201206473
648,META,1987,5,META,533061,0.9379789555041543
649,META,1988,13,META,543112,2.3936131037428745
650,META,1989,12,META,552852,2.1705628269410258
651,META,1990,11,META,562631,1.9551002344342916
652,META,1991,13,META,571589,2.2743614730164508
653,META,1992,14,META,581135,2.409078785480138
654,META,1993,10,META,591491,1.6906427992987212
655,META,1994,17,META,602837,2.8199994360001126
656,META,1995,12,META,615323,1.9501952633007378
657,META,1996,12,META,630776,1.902418608190546
658,META,1997,17,META,646934,2.62777964985609
659,META,1998,13,META,663575,1.9590852578834346
660,META,1999,15,META,68049,22.042939646431247
661,META,2000,20,META,697478,2.867473956167793
662,META,2001,15,META,714759,2.0986094613708954
663,META,2002,22,META,732007,3.005435740368603
664,META,2003,20,META,749153,2.669681627117558
665,META,2004,29,META,766214,3.784843398841577
666,META,2005,26,META,783285,3.3193537473588792
667,META,2006,27,META,800581,3.3725506850649714
668,META,2007,42,META,817969,5.134668917770722
669,META,2008,42,META,835526,5.026773553426224
670,META,2009,46,META,853166,5.391682275196152
671,META,2010,54,META,870921,6.20033275119098
672,META,2011,50,META,888802,5.625549897502481
673,META,2012,51,META,906805,5.624141904819669
674,META,2013,50,META,924871,5.4061593454654755
675,META,2014,73,META,943072,7.740660310135388
676,META,2015,56,META,961334,5.825238678752649
677,META,2016,56,META,97971,57.15977176919701
678,META,2017,70,META,998162,7.012889691252522
679,META,2018,64,META,1016701,6.294869386378099
680,META,2019,81,META,1035256,7.824151707403772
681,NARIÑO,1985,7,NARIÑO,1136533,0.6159082050411206
682,NARIÑO,1986,3,NARIÑO,1160391,0.25853354602026385
683,NARIÑO,1987,11,NARIÑO,1183777,0.9292290693264019
684,NARIÑO,1988,4,NARIÑO,1206625,0.33150315963949034
685,NARIÑO,1989,7,NARIÑO,1228944,0.5695947089533779
686,NARIÑO,1990,11,NARIÑO,1250735,0.8794828640759235
687,NARIÑO,1991,13,NARIÑO,1270428,1.0232771947721555
688,NARIÑO,1992,9,NARIÑO,1289606,0.6978875718630341
689,NARIÑO,1993,14,NARIÑO,1315954,1.0638669740735618
690,NARIÑO,1994,16,NARIÑO,1334335,1.1990991767434716
691,NARIÑO,1995,11,NARIÑO,1352326,0.8134133337671539
692,NARIÑO,1996,10,NARIÑO,1370965,0.7294132235323294
693,NARIÑO,1997,23,NARIÑO,1389504,1.6552669153885127
694,NARIÑO,1998,13,NARIÑO,1407504,0.9236208209710238
695,NARIÑO,1999,17,NARIÑO,1425587,1.1924912334357707
696,NARIÑO,2000,27,NARIÑO,1446493,1.8665835230450474
697,NARIÑO,2001,25,NARIÑO,1464826,1.7066873471661481
698,NARIÑO,2002,22,NARIÑO,1483416,1.4830634157916591
699,NARIÑO,2003,24,NARIÑO,1502757,1.5970645952738867
700,NARIÑO,2004,33,NARIÑO,1522205,2.1679077391021577
701,NARIÑO,2005,21,NARIÑO,1541692,1.362139778892282
702,NARIÑO,2006,25,NARIÑO,1560872,1.6016688107673147
703,NARIÑO,2007,28,NARIÑO,1580109,1.7720296511190052
704,NARIÑO,2008,43,NARIÑO,1599646,2.6880947409614375
705,NARIÑO,2009,43,NARIÑO,1619461,2.655204416778175
706,NARIÑO,2010,72,NARIÑO,1639560,4.3914220888531075
707,NARIÑO,2011,47,NARIÑO,1660062,2.8312195568599243
708,NARIÑO,2012,69,NARIÑO,1680795,4.105200217754098
709,NARIÑO,2013,64,NARIÑO,1701782,3.7607637170918484
710,NARIÑO,2014,76,NARIÑO,1722945,4.411052006883563
711,NARIÑO,2015,73,NARIÑO,1744228,4.185232664536976
712,NARIÑO,2016,87,NARIÑO,1765906,4.92664954986279
713,NARIÑO,2017,83,NARIÑO,1787545,4.643239750607678
714,NARIÑO,2018,84,NARIÑO,1809116,4.643151682921383
715,NARIÑO,2019,82,NARIÑO,1830473,4.479716444875177
716,NORTE DE SANTANDER,1985,15,NORTE DE SANTANDER,953912,1.5724720938619077
717,NORTE DE SANTANDER,1986,25,NORTE DE SANTANDER,967688,2.5834773191359197
718,NORTE DE SANTANDER,1987,19,NORTE DE SANTANDER,983168,1.9325283166254392
719,NORTE DE SANTANDER,1988,20,NORTE DE SANTANDER,999946,2.000108005832315
720,NORTE DE SANTANDER,1989,30,NORTE DE SANTANDER,1017585,2.9481566650451807
721,NORTE DE SANTANDER,1990,21,NORTE DE SANTANDER,1035636,2.0277394760321195
722,NORTE DE SANTANDER,1991,29,NORTE DE SANTANDER,1054835,2.7492451426052416
723,NORTE DE SANTANDER,1992,36,NORTE DE SANTANDER,1073551,3.353357222898586
724,NORTE DE SANTANDER,1993,30,NORTE DE SANTANDER,1096194,2.7367418540878714
725,NORTE DE SANTANDER,1994,37,NORTE DE SANTANDER,1112889,3.3246801792451897
726,NORTE DE SANTANDER,1995,36,NORTE DE SANTANDER,1128098,3.1912121110045404
727,NORTE DE SANTANDER,1996,26,NORTE DE SANTANDER,1141654,2.2773975302499707
728,NORTE DE SANTANDER,1997,42,NORTE DE SANTANDER,1154341,3.638439594539222
729,NORTE DE SANTANDER,1998,27,NORTE DE SANTANDER,1166395,2.314824737760364
730,NORTE DE SANTANDER,1999,27,NORTE DE SANTANDER,1178015,2.2919911885672084
731,NORTE DE SANTANDER,2000,35,NORTE DE SANTANDER,1189505,2.942400410254686
732,NORTE DE SANTANDER,2001,28,NORTE DE SANTANDER,1200639,2.3320914946124525
733,NORTE DE SANTANDER,2002,44,NORTE DE SANTANDER,1211502,3.6318553332970147
734,NORTE DE SANTANDER,2003,43,NORTE DE SANTANDER,1222289,3.517989608022325
735,NORTE DE SANTANDER,2004,45,NORTE DE SANTANDER,1233069,3.649430810441265
736,NORTE DE SANTANDER,2005,44,NORTE DE SANTANDER,1243861,3.537372745025369
737,NORTE DE SANTANDER,2006,40,NORTE DE SANTANDER,1254386,3.188811099613676
738,NORTE DE SANTANDER,2007,34,NORTE DE SANTANDER,1265056,2.6876280575721547
739,NORTE DE SANTANDER,2008,61,NORTE DE SANTANDER,1275834,4.781186267178959
740,NORTE DE SANTANDER,2009,48,NORTE DE SANTANDER,1286830,3.7300964385350044
741,NORTE DE SANTANDER,2010,77,NORTE DE SANTANDER,1297951,5.932427341247859
742,NORTE DE SANTANDER,2011,69,NORTE DE SANTANDER,1309265,5.270132478909923
743,NORTE DE SANTANDER,2012,68,NORTE DE SANTANDER,1320777,5.148484566281818
744,NORTE DE SANTANDER,2013,76,NORTE DE SANTANDER,1332378,5.704086978319967
745,NORTE DE SANTANDER,2014,79,NORTE DE SANTANDER,1344038,5.877810002395766
746,NORTE DE SANTANDER,2015,79,NORTE DE SANTANDER,1355787,5.826873985367908
747,NORTE DE SANTANDER,2016,128,NORTE DE SANTANDER,1367708,9.358722768310194
748,NORTE DE SANTANDER,2017,101,NORTE DE SANTANDER,1379533,7.321318156216632
749,NORTE DE SANTANDER,2018,101,NORTE DE SANTANDER,1391239,7.259715979784925
750,NORTE DE SANTANDER,2019,137,NORTE DE SANTANDER,1402695,9.766912978231192
751,PUTUMAYO,1985,1,PUTUMAYO,21003,4.761224586963767
752,PUTUMAYO,1986,1,PUTUMAYO,215172,0.4647444834829811
753,PUTUMAYO,1988,2,PUTUMAYO,226198,0.8841811156597318
754,PUTUMAYO,1991,3,PUTUMAYO,244093,1.2290397512423543
755,PUTUMAYO,1992,1,PUTUMAYO,250306,0.3995109985377897
756,PUTUMAYO,1993,1,PUTUMAYO,256432,0.3899669308042678
757,PUTUMAYO,1994,2,PUTUMAYO,262409,0.7621689804846632
758,PUTUMAYO,1995,3,PUTUMAYO,268179,1.1186558231628876
759,PUTUMAYO,1996,2,PUTUMAYO,273972,0.7300016060035333
760,PUTUMAYO,1999,4,PUTUMAYO,289225,1.383006309966289
761,PUTUMAYO,2000,1,PUTUMAYO,293525,0.34068648326377654
762,PUTUMAYO,2001,1,PUTUMAYO,297363,0.3362893164247065
763,PUTUMAYO,2002,5,PUTUMAYO,300865,1.661874927292972
764,PUTUMAYO,2003,5,PUTUMAYO,304095,1.6442230224107597
765,PUTUMAYO,2004,3,PUTUMAYO,307144,0.9767405516630635
766,PUTUMAYO,2005,1,PUTUMAYO,310132,0.3224433467039841
767,PUTUMAYO,2006,2,PUTUMAYO,313126,0.6387205150642233
768,PUTUMAYO,2007,5,PUTUMAYO,316209,1.5812326657369018
769,PUTUMAYO,2008,3,PUTUMAYO,31939,9.392905225586274
770,PUTUMAYO,2009,4,PUTUMAYO,322681,1.2396143559738566
771,PUTUMAYO,2010,10,PUTUMAYO,326093,3.066609832164444
772,PUTUMAYO,2011,4,PUTUMAYO,329598,1.2135995970849338
773,PUTUMAYO,2012,3,PUTUMAYO,333247,0.9002331603885406
774,PUTUMAYO,2013,8,PUTUMAYO,337054,2.373506915805776
775,PUTUMAYO,2014,4,PUTUMAYO,341034,1.172903581461086
776,PUTUMAYO,2015,3,PUTUMAYO,345204,0.8690513435533772
777,PUTUMAYO,2016,3,PUTUMAYO,349537,0.8582782366387536
778,PUTUMAYO,2017,5,PUTUMAYO,354094,1.4120544262258046
779,PUTUMAYO,2018,7,PUTUMAYO,358896,1.950425750078017
780,PUTUMAYO,2019,2,PUTUMAYO,363967,0.5495003667914948
781,QUINDIO,1985,13,QUINDÍO,410154,3.169541196721232
782,QUINDIO,1986,10,QUINDÍO,416853,2.398927199756269
783,QUINDIO,1987,13,QUINDÍO,424936,3.059284221623962
784,QUINDIO,1988,19,QUINDÍO,433869,4.37920201719874
785,QUINDIO,1989,21,QUINDÍO,4436,473.3994589720469
786,QUINDIO,1990,11,QUINDÍO,453775,2.4241088645253703
787,QUINDIO,1991,14,QUINDÍO,464617,3.0132345566348198
788,QUINDIO,1992,19,QUINDÍO,475158,3.998669916112114
789,QUINDIO,1993,22,QUINDÍO,484953,4.53652209595569
790,QUINDIO,1994,18,QUINDÍO,493421,3.648000389120041
791,QUINDIO,1995,19,QUINDÍO,500422,3.796795504594123
792,QUINDIO,1996,28,QUINDÍO,505728,5.5365730194887375
793,QUINDIO,1997,27,QUINDÍO,510031,5.293795867310026
794,QUINDIO,1998,20,QUINDÍO,513604,3.89405066938731
795,QUINDIO,1999,33,QUINDÍO,516799,6.385461272177385
796,QUINDIO,2000,15,QUINDÍO,519805,2.885697521185829
797,QUINDIO,2001,19,QUINDÍO,522634,3.6354312960886586
798,QUINDIO,2002,27,QUINDÍO,525498,5.137983398604752
799,QUINDIO,2003,27,QUINDÍO,528413,5.10963961901013
800,QUINDIO,2004,18,QUINDÍO,531424,3.3871259107605227
801,QUINDIO,2005,23,QUINDÍO,534506,4.303038693672288
802,QUINDIO,2006,33,QUINDÍO,53753,61.391922311312854
803,QUINDIO,2007,29,QUINDÍO,540533,5.365074842794057
804,QUINDIO,2008,53,QUINDÍO,543579,9.750192704280336
805,QUINDIO,2009,55,QUINDÍO,546593,10.062331570290874
806,QUINDIO,2010,66,QUINDÍO,549662,12.007379080234763
807,QUINDIO,2011,59,QUINDÍO,552755,10.673806659369884
808,QUINDIO,2012,49,QUINDÍO,555836,8.815549910405228
809,QUINDIO,2013,57,QUINDÍO,558969,10.19734546996345
810,QUINDIO,2014,81,QUINDÍO,562114,14.409888385629962
811,QUINDIO,2015,64,QUINDÍO,56531,113.21221984397941
812,QUINDIO,2016,68,QUINDÍO,568506,11.961175431745664
813,QUINDIO,2017,63,QUINDÍO,571733,11.019129558727588
814,QUINDIO,2018,48,QUINDÍO,57501,83.47680909897218
815,QUINDIO,2019,73,QUINDÍO,578268,12.623904487192789
816,RISARALDA,1985,19,RISARALDA,667093,2.848178589791828
817,RISARALDA,1986,22,RISARALDA,679979,3.235394034227528
818,RISARALDA,1987,16,RISARALDA,694985,2.3022079613229063
819,RISARALDA,1988,28,RISARALDA,711522,3.9352261771245303
820,RISARALDA,1989,27,RISARALDA,729578,3.700769485921999
821,RISARALDA,1990,24,RISARALDA,748434,3.2066955803718162
822,RISARALDA,1991,24,RISARALDA,768473,3.123076542702216
823,RISARALDA,1992,23,RISARALDA,787892,2.919181816797226
824,RISARALDA,1993,31,RISARALDA,806071,3.8458150708808527
825,RISARALDA,1994,29,RISARALDA,82166,35.29440401139157
826,RISARALDA,1995,38,RISARALDA,834539,4.553412123339951
827,RISARALDA,1996,38,RISARALDA,844257,4.5009991033536
828,RISARALDA,1997,41,RISARALDA,85211,48.115853586978204
829,RISARALDA,1998,38,RISARALDA,858568,4.425974413208971
830,RISARALDA,1999,45,RISARALDA,864388,5.205995455744412
831,RISARALDA,2000,50,RISARALDA,869888,5.7478663919952915
832,RISARALDA,2001,45,RISARALDA,87512,51.42151933449127
833,RISARALDA,2002,42,RISARALDA,880472,4.7701687276824245
834,RISARALDA,2003,48,RISARALDA,885964,5.417827360931144
835,RISARALDA,2004,46,RISARALDA,891636,5.159055937624771
836,RISARALDA,2005,45,RISARALDA,897413,5.014413653468358
837,RISARALDA,2006,56,RISARALDA,903052,6.201193286765324
838,RISARALDA,2007,58,RISARALDA,908644,6.383137950616523
839,RISARALDA,2008,75,RISARALDA,914171,8.204154364992982
840,RISARALDA,2009,74,RISARALDA,919641,8.04661819122897
841,RISARALDA,2010,100,RISARALDA,925117,10.809443562273746
842,RISARALDA,2011,88,RISARALDA,930518,9.457098089451252
843,RISARALDA,2012,84,RISARALDA,93591,89.75221976472096
844,RISARALDA,2013,96,RISARALDA,941275,10.198932299274919
845,RISARALDA,2014,114,RISARALDA,946632,12.04269452120782
846,RISARALDA,2015,109,RISARALDA,951953,11.450145122710891
847,RISARALDA,2016,128,RISARALDA,957254,13.371581628282566
848,RISARALDA,2017,122,RISARALDA,962529,12.67494278094478
849,RISARALDA,2018,124,RISARALDA,967767,12.813001476595089
850,RISARALDA,2019,144,RISARALDA,972978,14.799923533728409
851,SANTANDER,1985,33,SANTANDER,1577716,2.0916311934467293
852,SANTANDER,1986,33,SANTANDER,1601793,2.060191298126537
853,SANTANDER,1987,33,SANTANDER,1626899,2.0283988127105617
854,SANTANDER,1988,38,SANTANDER,1652623,2.2993749935708263
855,SANTANDER,1989,37,SANTANDER,1678564,2.204265074194371
856,SANTANDER,1990,41,SANTANDER,1704337,2.4056275255421906
857,SANTANDER,1991,41,SANTANDER,1731399,2.3680272427095086
858,SANTANDER,1992,51,SANTANDER,1757452,2.9019284737221844
859,SANTANDER,1993,59,SANTANDER,1782103,3.3106952852893463
860,SANTANDER,1994,51,SANTANDER,1804993,2.825495722144075
861,SANTANDER,1995,68,SANTANDER,1825909,3.724172453282174
862,SANTANDER,1996,67,SANTANDER,1844787,3.6318556017578176
863,SANTANDER,1997,51,SANTANDER,1861982,2.739016811118475
864,SANTANDER,1998,46,SANTANDER,1877582,2.4499595756670014
865,SANTANDER,1999,59,SANTANDER,1891810,3.118706424006639
866,SANTANDER,2000,60,SANTANDER,1905077,3.1494789974368493
867,SANTANDER,2001,68,SANTANDER,1916945,3.5473109557133875
868,SANTANDER,2002,64,SANTANDER,1927772,3.3198946763413932
869,SANTANDER,2003,81,SANTANDER,1937920,4.179739101717305
870,SANTANDER,2004,99,SANTANDER,1947837,5.082560809759749
871,SANTANDER,2005,81,SANTANDER,1957775,4.137349797601869
872,SANTANDER,2006,80,SANTANDER,1968351,4.0643157648204005
873,SANTANDER,2007,79,SANTANDER,1978976,3.9919635205277877
874,SANTANDER,2008,119,SANTANDER,1989514,5.981360271905601
875,SANTANDER,2009,135,SANTANDER,1999999,6.750003375001687
876,SANTANDER,2010,146,SANTANDER,2010393,7.262261657297851
877,SANTANDER,2011,141,SANTANDER,2020604,6.97811149537465
878,SANTANDER,2012,122,SANTANDER,2030775,6.0075586906476595
879,SANTANDER,2013,160,SANTANDER,2040932,7.839555653985532
880,SANTANDER,2014,168,SANTANDER,2051022,8.191038418895555
881,SANTANDER,2015,165,SANTANDER,2061079,8.005515557627826
882,SANTANDER,2016,208,SANTANDER,2071016,10.043379674517242
883,SANTANDER,2017,206,SANTANDER,2080938,9.89938191334869
884,SANTANDER,2018,203,SANTANDER,2090839,9.709021115446957
885,SANTANDER,2019,234,SANTANDER,2100704,11.139122884518713
886,SUCRE,1985,10,SUCRE,571994,1.7482700867491616
887,SUCRE,1986,6,SUCRE,583041,1.0290871482451491
888,SUCRE,1987,2,SUCRE,594818,0.33623730283885156
889,SUCRE,1988,5,SUCRE,607077,0.8236187501750191
890,SUCRE,1989,17,SUCRE,619609,2.7436657634088593
891,SUCRE,1990,5,SUCRE,632182,0.7909114780237337
892,SUCRE,1991,5,SUCRE,645622,0.774446967420565
893,SUCRE,1992,8,SUCRE,65865,12.146056327336218
894,SUCRE,1993,11,SUCRE,67103,16.392709714915874
895,SUCRE,1994,9,SUCRE,682593,1.3185016547195767
896,SUCRE,1995,12,SUCRE,693243,1.730994759413366
897,SUCRE,1996,12,SUCRE,702313,1.708639879939571
898,SUCRE,1997,9,SUCRE,710845,1.2660987979095302
899,SUCRE,1998,5,SUCRE,718974,0.695435439946368
900,SUCRE,1999,13,SUCRE,726839,1.7885666564397342
901,SUCRE,2000,12,SUCRE,734647,1.6334375557240417
902,SUCRE,2001,19,SUCRE,742217,2.5598982507811057
903,SUCRE,2002,16,SUCRE,749636,2.1343692138584593
904,SUCRE,2003,16,SUCRE,757033,2.113514206117831
905,SUCRE,2004,8,SUCRE,764503,1.046431472472966
906,SUCRE,2005,13,SUCRE,772042,1.683846215620394
907,SUCRE,2006,16,SUCRE,779515,2.0525583215204324
908,SUCRE,2007,20,SUCRE,787153,2.5408021058167853
909,SUCRE,2008,28,SUCRE,794914,3.5223936174227655
910,SUCRE,2009,24,SUCRE,802736,2.989774969603954
911,SUCRE,2010,25,SUCRE,810664,3.0838917233280374
912,SUCRE,2011,22,SUCRE,818689,2.687223109141567
913,SUCRE,2012,25,SUCRE,82678,30.23778998040591
914,SUCRE,2013,27,SUCRE,834937,3.2337769196957376
915,SUCRE,2014,24,SUCRE,843202,2.846293059077184
916,SUCRE,2015,24,SUCRE,851515,2.8185058395917864
917,SUCRE,2016,33,SUCRE,859913,3.8375975244007248
918,SUCRE,2017,37,SUCRE,868438,4.260522915855824
919,SUCRE,2018,36,SUCRE,877057,4.104636300719338
920,SUCRE,2019,37,SUCRE,885835,4.176850090592492
921,TOLIMA,1985,31,TOLIMA,1245647,2.4886665323321937
922,TOLIMA,1986,20,TOLIMA,1252802,1.5964214616515617
923,TOLIMA,1987,26,TOLIMA,1259669,2.064034282021706
924,TOLIMA,1988,28,TOLIMA,1266298,2.211169882602673
925,TOLIMA,1989,31,TOLIMA,1272722,2.4357243765724172
926,TOLIMA,1990,27,TOLIMA,1278982,2.111053947592695
927,TOLIMA,1991,31,TOLIMA,1284974,2.4125001751008193
928,TOLIMA,1992,38,TOLIMA,1290868,2.943755674476399
929,TOLIMA,1993,30,TOLIMA,1296690,2.3135830460634383
930,TOLIMA,1994,48,TOLIMA,1302447,3.6853706907075683
931,TOLIMA,1995,35,TOLIMA,1308162,2.6755096081372183
932,TOLIMA,1996,44,TOLIMA,1313846,3.3489465279796873
933,TOLIMA,1997,38,TOLIMA,1319533,2.879806719498489
934,TOLIMA,1998,40,TOLIMA,1325239,3.0183234873105906
935,TOLIMA,1999,42,TOLIMA,1330960,3.155616998256898
936,TOLIMA,2000,49,TOLIMA,1336721,3.6656864072607522
937,TOLIMA,2001,41,TOLIMA,1342648,3.0536670817667773
938,TOLIMA,2002,44,TOLIMA,1348498,3.2628895259763087
939,TOLIMA,2003,53,TOLIMA,1354239,3.913637105414923
940,TOLIMA,2004,50,TOLIMA,1359765,3.6771059705169646
941,TOLIMA,2005,51,TOLIMA,1365082,3.736039300203211
942,TOLIMA,2006,37,TOLIMA,1369841,2.701043405767531
943,TOLIMA,2007,74,TOLIMA,1374437,5.384022694383228
944,TOLIMA,2008,88,TOLIMA,1378903,6.381884730107919
945,TOLIMA,2009,79,TOLIMA,1383304,5.710964473463534
946,TOLIMA,2010,83,TOLIMA,1387621,5.981460355529356
947,TOLIMA,2011,85,TOLIMA,1391876,6.106865841497375
948,TOLIMA,2012,86,TOLIMA,1396038,6.160290765724143
949,TOLIMA,2013,75,TOLIMA,1400140,5.356607196423215
950,TOLIMA,2014,89,TOLIMA,1404262,6.337848635083767
951,TOLIMA,2015,98,TOLIMA,1408272,6.958882943067817
952,TOLIMA,2016,104,TOLIMA,1412220,7.3642916825990286
953,TOLIMA,2017,105,TOLIMA,1416124,7.414604935725968
954,TOLIMA,2018,99,TOLIMA,1419947,6.97209121185509
955,TOLIMA,2019,105,TOLIMA,1423719,7.3750508351718285
956,VALLE DEL CAUCA,1985,91,VALLE DEL CAUCA,3041474,2.991970340696649
957,VALLE DEL CAUCA,1986,85,VALLE DEL CAUCA,3104541,2.737924865543731
958,VALLE DEL CAUCA,1987,113,VALLE DEL CAUCA,3171288,3.563221000426325
959,VALLE DEL CAUCA,1988,123,VALLE DEL CAUCA,3240825,3.7953298928513575
960,VALLE DEL CAUCA,1989,96,VALLE DEL CAUCA,3312817,2.8978358901201
961,VALLE DEL CAUCA,1990,114,VALLE DEL CAUCA,3385688,3.3671147489077553
962,VALLE DEL CAUCA,1991,127,VALLE DEL CAUCA,3460164,3.670346261044274
963,VALLE DEL CAUCA,1992,146,VALLE DEL CAUCA,3532718,4.132795201881384
964,VALLE DEL CAUCA,1993,150,VALLE DEL CAUCA,3602190,4.16413348546301
965,VALLE DEL CAUCA,1994,162,VALLE DEL CAUCA,3665947,4.419049157011817
966,VALLE DEL CAUCA,1995,170,VALLE DEL CAUCA,3723845,4.565173899558118
967,VALLE DEL CAUCA,1996,177,VALLE DEL CAUCA,3774547,4.689304438386911
968,VALLE DEL CAUCA,1997,193,VALLE DEL CAUCA,3821170,5.050809045397091
969,VALLE DEL CAUCA,1998,143,VALLE DEL CAUCA,3864822,3.7000410368187717
970,VALLE DEL CAUCA,1999,167,VALLE DEL CAUCA,3907200,4.274160524160524
971,VALLE DEL CAUCA,2000,175,VALLE DEL CAUCA,3949031,4.431466858578725
972,VALLE DEL CAUCA,2001,180,VALLE DEL CAUCA,3990355,4.510876851808924
973,VALLE DEL CAUCA,2002,177,VALLE DEL CAUCA,4032191,4.389673009041486
974,VALLE DEL CAUCA,2003,185,VALLE DEL CAUCA,4074590,4.540334119506502
975,VALLE DEL CAUCA,2004,187,VALLE DEL CAUCA,4117760,4.541304009947155
976,VALLE DEL CAUCA,2005,200,VALLE DEL CAUCA,4161470,4.805994035761402
977,VALLE DEL CAUCA,2006,305,VALLE DEL CAUCA,4205228,7.2528766573417665
978,VALLE DEL CAUCA,2007,308,VALLE DEL CAUCA,4249220,7.248389116120135
979,VALLE DEL CAUCA,2008,312,VALLE DEL CAUCA,4293541,7.266729256806911
980,VALLE DEL CAUCA,2009,364,VALLE DEL CAUCA,4338216,8.390545791173146
981,VALLE DEL CAUCA,2010,345,VALLE DEL CAUCA,4383277,7.870823587010358
982,VALLE DEL CAUCA,2011,359,VALLE DEL CAUCA,4428675,8.106262030968631
983,VALLE DEL CAUCA,2012,396,VALLE DEL CAUCA,4474369,8.850409968422364
984,VALLE DEL CAUCA,2013,399,VALLE DEL CAUCA,4520480,8.82649630127774
985,VALLE DEL CAUCA,2014,394,VALLE DEL CAUCA,4566875,8.627343643081977
986,VALLE DEL CAUCA,2015,466,VALLE DEL CAUCA,4613684,10.100388323084113
987,VALLE DEL CAUCA,2016,448,VALLE DEL CAUCA,4660741,9.612205441151955
988,VALLE DEL CAUCA,2017,455,VALLE DEL CAUCA,4708262,9.66386322596321
989,VALLE DEL CAUCA,2018,440,VALLE DEL CAUCA,4756113,9.251252020294725
990,VALLE DEL CAUCA,2019,541,VALLE DEL CAUCA,4804489,11.260302604501748
991,VAUPES,1988,2,VAUPÉS,25492,7.845598619174644
992,VAUPES,2003,1,VAUPÉS,3823,26.15746795710175
993,VAUPES,2008,1,VAUPÉS,40649,2.4600851189451154
994,VAUPES,2012,1,VAUPÉS,42392,2.358935648235516
995,VAUPES,2019,1,VAUPÉS,45367,2.2042453765953223
996,VICHADA,1995,1,VICHADA,38878,2.5721487730850354
997,VICHADA,2000,1,VICHADA,48901,2.044947956074518
998,VICHADA,2005,1,VICHADA,55872,1.7898052691867126
999,VICHADA,2006,1,VICHADA,57344,1.743861607142857
1000,VICHADA,2007,1,VICHADA,58885,1.6982253545045427
1001,VICHADA,2008,1,VICHADA,60494,1.6530565014712202
1002,VICHADA,2012,1,VICHADA,66917,1.4943885709162095
1003,VICHADA,2016,1,VICHADA,73702,1.3568152831673497
1004,VICHADA,2017,2,VICHADA,75468,2.650129856362962
1005,VICHADA,2019,2,VICHADA,79134,2.527358657467081
